shell/zshrc	~/.zshrc	link
shell/zshenv	~/.zshenv	link
shell/zprofile	~/.zprofile	link
shell/atuin/config.toml	~/.config/atuin/config.toml	link
terminal/kitty/kitty.conf	~/.config/kitty/kitty.conf	link
terminal/kitty/current-theme.conf	~/.config/kitty/current-theme.conf	copy
terminal/kitty/choose-files.conf	~/.config/kitty/choose-files.conf	link
terminal/tmux/tmux.conf	~/.config/tmux/tmux.conf	link
terminal/bat/config	~/.config/bat/config	link
terminal/ncdu/config	~/.config/ncdu/config	link
prompt/starship.toml	~/.config/starship.toml	link
prompt/cship.toml	~/.config/cship.toml	link
git/gitconfig	~/.gitconfig	link
git/ignore	~/.config/git/ignore	link
gh/config.yml	~/.config/gh/config.yml	copy
ripgrep/config	~/.config/ripgrep/config	link
shell/hushlogin	~/.hushlogin	link
shell/inputrc	~/.inputrc	link
ssh/config	~/.ssh/config	link	0600
editor/zed/settings.json	~/.config/zed/global_settings.json	link
editor/zed/keymap.json	~/.config/zed/keymap.json	link
editor/zed/tasks.json	~/.config/zed/tasks.json	link
editor/sublime/Preferences.sublime-settings	~/Library/Application Support/Sublime Text/Packages/preen/Preferences.sublime-settings	link
editor/sublime/gruvbox-light-hard.sublime-color-scheme	~/Library/Application Support/Sublime Text/Packages/preen/gruvbox-light-hard.sublime-color-scheme	link
editor/sublime/Terminus.sublime-settings	~/Library/Application Support/Sublime Text/Packages/preen/Terminus.sublime-settings	link
editor/sublime/Terminus View.sublime-settings	~/Library/Application Support/Sublime Text/Packages/preen/Terminus View.sublime-settings	link
terminal/kitty/open-actions.conf	~/.config/kitty/open-actions.conf	link
terminal/kitty/mime.types	~/.config/kitty/mime.types	link
mise/config.toml	~/.config/mise/config.toml	link
